{"LinearRegression": {"0": {"time_train": 0.28697896003723145, "time_pred": 0.015957355499267578, "WMAE": 13294.200067003028}}, "ElasticNet": {"0": {"time_train": 0.17998504638671875, "time_pred": 0.016857147216796875, "WMAE": 13874.268546310475}}, "RandomForestRegressor": {"0": {"time_train": 431.8971333503723, "time_pred": 6.3519511222839355, "WMAE": 1548.7978688677047}}, "GradientBoostingRegressor": {"0": {"time_train": 92.01058912277222, "time_pred": 0.22040963172912598, "WMAE": 7907.083946706929}}, "XGBRegressor": {"0": {"time_train": 39.648552656173706, "time_pred": 0.2713041305541992, "WMAE": 3113.9205922912515}}, "LGBMRegressor": {"0": {"time_train": 3.1530849933624268, "time_pred": 0.3533611297607422, "WMAE": 4935.967533994871}}}